Bac1	Bac2	Growth1	Growth2	Intermediate	EX_glc__D_e_1	EX_glc__D_e_2	Glucose_absorption_1	Glucose_absorption_2	EX_h2_e_1	EX_h2_e_2	Cross_feeding_forward	Cross_feeding_reverse	Bac1_mono_growth	Bac2_mono_growth	Total_production	DeepCooc_Co_occurrence	Interaction_type
GCF_000024405_1	GCF_016027455_1	1.05772545	0.89701181	acald_e	-1.806489	-8.193511	-1.806489	-8.193511	64.95851244	-62.35638423	6,acald_e:155.31752552,succ_e:0.30156940,glu__L_e:14.58763232,h2_e:62.35638423,fe2_e:0.00583321,fum_e:0.00868295	10,3amp_e:0.10000000,3cmp_e:0.10000000,3gmp_e:0.01218112,3ump_e:0.10000000,ala__L_e:10.28616789,ala__D_e:0.02626334,asp__L_e:14.86479022,dcyt_e:0.05380082,lac__D_e:19.96382046,etoh_e:138.03395092	0.65228857	1.0788473	12.77385873	1	parasitism (±)
GCF_000024405_1	GCF_002393265_1	0.51940693	0.6855899999999999	acald_e	-0.27258333	-9.72741667	-0.27258333	-9.72741667	-38.73462031	40.14845364	6,h_e:2.42766606,acald_e:3.58304098,pi_e:0.20874884,glu__L_e:0.16651793,fe2_e:24.79368016,ura_e:0.21962750	6,chol_e:0.00288016,gly_e:0.36897088,fe3_e:24.78403779,pro__L_e:0.11119145,h2_e:38.73462031,fum_e:1.03321642	0.65228857	0.72896412	7.40634823	1	competition (−/−)
GCF_000024405_1	GCF_000349945_1	1.15331683	0.57183685	acald_e	-9.58567827	-0.41432173	-9.58567827	-0.41432173	0.0	2.02530159	7,h_e:9.41781277,acald_e:51.47893635,ala__D_e:1.63683283,succ_e:0.11243660,glu__L_e:16.65927073,fe2_e:0.00371862,ura_e:0.08318688	6,4hbald_e:0.00011169,nh4_e:1.70184438,mal__L_e:0.98542496,gly_e:0.38167693,asp__L_e:16.63174913,etoh_e:54.12149904	0.65228857	1.24744101	1.15814208	1	parasitism (±)
